"NAME","SALE_PRICE","CATEGORY","ORIGINAL_PRICE","AVAILABILITY","URL"
"Apple iPhone X, Fully Unlocked 5.8"", 256 GB - Silver","$1,315.00","Cell Phones & Accessories > Cell Phones > Unlocked Cell Phones","$1,315.00","In Stock.","http://www.amazon.com/dp/B075QLRSPK"
"Google Pixel GSM Unlocked (Certified Refurbished) (128GB, Black)","$399.99","Cell Phones & Accessories > Cell Phones > Unlocked Cell Phones","$399.99","In stock on March 7, 2018.
        
        
    
    
    
    



    
    
         
        
        
            Order it now.","http://www.amazon.com/dp/B0731KJVGG"
"Samsung Galaxy Note 8 SM-N950F/DS Factory Unlocked Phone - 6.3"" Screen - 64GB - International Version - No Warranty (Orchid Gray)","$798.99","Cell Phones & Accessories > Cell Phones > Unlocked Cell Phones","$798.99","Only 5 left in stock - order soon.","http://www.amazon.com/dp/B075KQ622T"
"Moto E (4th Generation) - 16 GB - Unlocked (AT&T/Sprint/T-Mobile/Verizon) - Black - Prime Exclusive - with Lockscreen Offers & Ads","","Cell Phones & Accessories > Cell Phones > Unlocked Cell Phones","","Available from these sellers.","http://www.amazon.com/dp/B071YC3G5V"
"Motorola XT1635-Blk Factory Unlocked Phone - 5.5"" Screen - 32GB - Black (International Version - No Warranty)","$357.68","Cell Phones & Accessories > Cell Phones > Unlocked Cell Phones","$357.68","Only 2 left in stock (more on the way).","http://www.amazon.com/dp/B01MDMJGYT"
"Nokia 6 - 32 GB - Unlocked (AT&T/T-Mobile) - Black - Prime Exclusive - with Lockscreen Offers & Ads","","Cell Phones & Accessories > Cell Phones > Unlocked Cell Phones","","Available from these sellers.","http://www.amazon.com/dp/B071VZKDDP"
"Nokia 2 - 8GB - Unlocked Phone (AT&T/T-Mobile) - 5"" Screen - Black (U.S. Warranty)","$99.00","Cell Phones & Accessories > Cell Phones > Unlocked Cell Phones","$99.00","In Stock.","http://www.amazon.com/dp/B075FLG6MV"
"LG G6 - 32 GB - Unlocked (AT&T/T-Mobile/Verizon) - Platinum - Prime Exclusive","$638.00","Cell Phones & Accessories > Cell Phones > Unlocked Cell Phones","$638.00","In Stock.","http://www.amazon.com/dp/B075TZQRHN"
"AKG N90Q Auto-Calibrating Noise-Cancelling Headphones (Black/Gold)","","Electronics > Headphones > Over-Ear Headphones","","Available from these sellers.","http://www.amazon.com/dp/B01MQUB0QN"
"Sony Xperia XZ1 Compact G8441 32GB Black, 4.6-inches, 4GB RAM, GSM Unlocked International Model, No Warranty","$438.52","Cell Phones & Accessories > Cell Phones > Unlocked Cell Phones","$438.52","Only 8 left in stock - order soon.","http://www.amazon.com/dp/B075XKFMQC"
